file,parameter,metabolite,mean_value
trdata_141T_dt160us.mat,concentration,met_1,1.201988145321202
trdata_141T_dt160us.mat,concentration,met_2,7.9037720106719425
trdata_141T_dt160us.mat,concentration,met_3,2.008722402417567
trdata_141T_dt160us.mat,concentration,met_4,12.404880010844057
trdata_141T_dt160us.mat,concentration,met_5,3.831004150439827
trdata_141T_dt160us.mat,concentration,met_6,3.8199634739463595
trdata_141T_dt160us.mat,concentration,met_7,2.5156313769213887
trdata_141T_dt160us.mat,concentration,met_8,4.395224343778068
trdata_141T_dt160us.mat,concentration,met_9,8.195574107256894
trdata_141T_dt160us.mat,concentration,met_10,8.12970004724013
trdata_141T_dt160us.mat,T2,met_1,0.15998427921303202
trdata_141T_dt160us.mat,T2,met_2,0.1294015585179401
trdata_141T_dt160us.mat,T2,met_3,0.10170020255524084
trdata_141T_dt160us.mat,T2,met_4,0.08105306444520297
trdata_141T_dt160us.mat,T2,met_5,0.08665775261304706
trdata_141T_dt160us.mat,T2,met_6,0.08671106832081908
trdata_141T_dt160us.mat,T2,met_7,0.14867565524939627
trdata_141T_dt160us.mat,T2,met_8,0.14878610083855812
trdata_141T_dt160us.mat,T2,met_9,0.1999568959688507
trdata_141T_dt160us.mat,T2,met_10,0.09503233073369337
trdata_141T_dt160us.mat,T2p,met_1,0.0260087025622305
trdata_141T_dt160us.mat,T2p,met_2,0.0260087025622305
trdata_141T_dt160us.mat,T2p,met_3,0.0260087025622305
trdata_141T_dt160us.mat,T2p,met_4,0.0260087025622305
trdata_141T_dt160us.mat,T2p,met_5,0.0260087025622305
trdata_141T_dt160us.mat,T2p,met_6,0.0260087025622305
trdata_141T_dt160us.mat,T2p,met_7,0.0260087025622305
trdata_141T_dt160us.mat,T2p,met_8,0.0260087025622305
trdata_141T_dt160us.mat,T2p,met_9,0.0260087025622305
trdata_141T_dt160us.mat,T2p,met_10,0.0260087025622305
trdata_141T_dt160us.mat,phase,met_1,-1.371410088569008
trdata_141T_dt160us.mat,phase,met_2,-1.371181274493219
trdata_141T_dt160us.mat,phase,met_3,-1.37135190289992
trdata_141T_dt160us.mat,phase,met_4,-1.3714694618811685
trdata_141T_dt160us.mat,phase,met_5,-1.3716079569389992
trdata_141T_dt160us.mat,phase,met_6,-1.3709908514242453
trdata_141T_dt160us.mat,phase,met_7,-1.3717031828436905
trdata_141T_dt160us.mat,phase,met_8,-1.3714978865445362
trdata_141T_dt160us.mat,phase,met_9,-1.3719915386058006
trdata_141T_dt160us.mat,phase,met_10,-1.3715022820611613
trdata_141T_dt160us.mat,freq_shift,met_1,-0.0005523209343608188
trdata_141T_dt160us.mat,freq_shift,met_2,-0.0027445107459363885
trdata_141T_dt160us.mat,freq_shift,met_3,-0.003773426362132885
trdata_141T_dt160us.mat,freq_shift,met_4,-0.0020501944161642003
trdata_141T_dt160us.mat,freq_shift,met_5,0.0016554336395832843
trdata_141T_dt160us.mat,freq_shift,met_6,0.001533138575812463
trdata_141T_dt160us.mat,freq_shift,met_7,0.0037692911987672563
trdata_141T_dt160us.mat,freq_shift,met_8,0.0003074355841927857
trdata_141T_dt160us.mat,freq_shift,met_9,-0.0016871477416402535
trdata_141T_dt160us.mat,freq_shift,met_10,0.0001954639078565055
trdata_141T_dt160us.mat,linewidth,met_1,3.5423876137772634
trdata_141T_dt160us.mat,linewidth,met_2,3.5423876137772634
trdata_141T_dt160us.mat,linewidth,met_3,3.5423876137772634
trdata_141T_dt160us.mat,linewidth,met_4,3.5423876137772634
trdata_141T_dt160us.mat,linewidth,met_5,3.5423876137772634
trdata_141T_dt160us.mat,linewidth,met_6,3.5423876137772634
trdata_141T_dt160us.mat,linewidth,met_7,3.5423876137772634
trdata_141T_dt160us.mat,linewidth,met_8,3.5423876137772634
trdata_141T_dt160us.mat,linewidth,met_9,3.5423876137772634
trdata_141T_dt160us.mat,linewidth,met_10,3.5423876137772634
trdata_94T_dt200us.mat,concentration,met_1,1.201988145321202
trdata_94T_dt200us.mat,concentration,met_2,7.9037720106719425
trdata_94T_dt200us.mat,concentration,met_3,2.008722402417567
trdata_94T_dt200us.mat,concentration,met_4,12.404880010844057
trdata_94T_dt200us.mat,concentration,met_5,3.831004150439827
trdata_94T_dt200us.mat,concentration,met_6,3.8199634739463595
trdata_94T_dt200us.mat,concentration,met_7,2.5156313769213887
trdata_94T_dt200us.mat,concentration,met_8,4.395224343778068
trdata_94T_dt200us.mat,concentration,met_9,8.195574107256894
trdata_94T_dt200us.mat,concentration,met_10,8.12970004724013
trdata_94T_dt200us.mat,T2,met_1,0.15998427921303202
trdata_94T_dt200us.mat,T2,met_2,0.1294015585179401
trdata_94T_dt200us.mat,T2,met_3,0.10170020255524084
trdata_94T_dt200us.mat,T2,met_4,0.08105306444520297
trdata_94T_dt200us.mat,T2,met_5,0.08665775261304706
trdata_94T_dt200us.mat,T2,met_6,0.08671106832081908
trdata_94T_dt200us.mat,T2,met_7,0.14867565524939627
trdata_94T_dt200us.mat,T2,met_8,0.14878610083855812
trdata_94T_dt200us.mat,T2,met_9,0.1999568959688507
trdata_94T_dt200us.mat,T2,met_10,0.09503233073369337
trdata_94T_dt200us.mat,T2p,met_1,0.03998898853089444
trdata_94T_dt200us.mat,T2p,met_2,0.03998898853089444
trdata_94T_dt200us.mat,T2p,met_3,0.03998898853089444
trdata_94T_dt200us.mat,T2p,met_4,0.03998898853089444
trdata_94T_dt200us.mat,T2p,met_5,0.03998898853089444
trdata_94T_dt200us.mat,T2p,met_6,0.03998898853089444
trdata_94T_dt200us.mat,T2p,met_7,0.03998898853089444
trdata_94T_dt200us.mat,T2p,met_8,0.03998898853089444
trdata_94T_dt200us.mat,T2p,met_9,0.03998898853089444
trdata_94T_dt200us.mat,T2p,met_10,0.03998898853089444
trdata_94T_dt200us.mat,phase,met_1,-1.370547069183196
trdata_94T_dt200us.mat,phase,met_2,-1.3706273986657849
trdata_94T_dt200us.mat,phase,met_3,-1.3708255918464827
trdata_94T_dt200us.mat,phase,met_4,-1.3706664295560145
trdata_94T_dt200us.mat,phase,met_5,-1.370671468140119
trdata_94T_dt200us.mat,phase,met_6,-1.3711652887107222
trdata_94T_dt200us.mat,phase,met_7,-1.3707357998222858
trdata_94T_dt200us.mat,phase,met_8,-1.3703855438159813
trdata_94T_dt200us.mat,phase,met_9,-1.3706987086927462
trdata_94T_dt200us.mat,phase,met_10,-1.371270428144254
trdata_94T_dt200us.mat,freq_shift,met_1,-0.010521955900152175
trdata_94T_dt200us.mat,freq_shift,met_2,-0.009004672458294675
trdata_94T_dt200us.mat,freq_shift,met_3,-0.008628587264199036
trdata_94T_dt200us.mat,freq_shift,met_4,0.010241941893643273
trdata_94T_dt200us.mat,freq_shift,met_5,0.018445736199345635
trdata_94T_dt200us.mat,freq_shift,met_6,0.0015407164588287304
trdata_94T_dt200us.mat,freq_shift,met_7,0.0012267996499585748
trdata_94T_dt200us.mat,freq_shift,met_8,0.00944868818074314
trdata_94T_dt200us.mat,freq_shift,met_9,0.0072230736383535965
trdata_94T_dt200us.mat,freq_shift,met_10,-0.010213939862465512
trdata_94T_dt200us.mat,linewidth,met_1,3.5959899501407717
trdata_94T_dt200us.mat,linewidth,met_2,3.5959899501407717
trdata_94T_dt200us.mat,linewidth,met_3,3.5959899501407717
trdata_94T_dt200us.mat,linewidth,met_4,3.5959899501407717
trdata_94T_dt200us.mat,linewidth,met_5,3.5959899501407717
trdata_94T_dt200us.mat,linewidth,met_6,3.5959899501407717
trdata_94T_dt200us.mat,linewidth,met_7,3.5959899501407717
trdata_94T_dt200us.mat,linewidth,met_8,3.5959899501407717
trdata_94T_dt200us.mat,linewidth,met_9,3.5959899501407717
trdata_94T_dt200us.mat,linewidth,met_10,3.5959899501407717
trdata_94T_dt200us_02.mat,concentration,met_1,1.201988145321202
trdata_94T_dt200us_02.mat,concentration,met_2,7.9037720106719425
trdata_94T_dt200us_02.mat,concentration,met_3,2.008722402417567
trdata_94T_dt200us_02.mat,concentration,met_4,12.404880010844057
trdata_94T_dt200us_02.mat,concentration,met_5,3.831004150439827
trdata_94T_dt200us_02.mat,concentration,met_6,3.8199634739463595
trdata_94T_dt200us_02.mat,concentration,met_7,2.5156313769213887
trdata_94T_dt200us_02.mat,concentration,met_8,4.395224343778068
trdata_94T_dt200us_02.mat,concentration,met_9,8.195574107256894
trdata_94T_dt200us_02.mat,concentration,met_10,8.12970004724013
trdata_94T_dt200us_02.mat,T2,met_1,0.15998427921303202
trdata_94T_dt200us_02.mat,T2,met_2,0.1294015585179401
trdata_94T_dt200us_02.mat,T2,met_3,0.10170020255524084
trdata_94T_dt200us_02.mat,T2,met_4,0.08105306444520297
trdata_94T_dt200us_02.mat,T2,met_5,0.08665775261304706
trdata_94T_dt200us_02.mat,T2,met_6,0.08671106832081908
trdata_94T_dt200us_02.mat,T2,met_7,0.14867565524939627
trdata_94T_dt200us_02.mat,T2,met_8,0.14878610083855812
trdata_94T_dt200us_02.mat,T2,met_9,0.1999568959688507
trdata_94T_dt200us_02.mat,T2,met_10,0.09503233073369337
trdata_94T_dt200us_02.mat,T2p,met_1,0.04001914519797251
trdata_94T_dt200us_02.mat,T2p,met_2,0.04001914519797251
trdata_94T_dt200us_02.mat,T2p,met_3,0.04001914519797251
trdata_94T_dt200us_02.mat,T2p,met_4,0.04001914519797251
trdata_94T_dt200us_02.mat,T2p,met_5,0.04001914519797251
trdata_94T_dt200us_02.mat,T2p,met_6,0.04001914519797251
trdata_94T_dt200us_02.mat,T2p,met_7,0.04001914519797251
trdata_94T_dt200us_02.mat,T2p,met_8,0.04001914519797251
trdata_94T_dt200us_02.mat,T2p,met_9,0.04001914519797251
trdata_94T_dt200us_02.mat,T2p,met_10,0.04001914519797251
trdata_94T_dt200us_02.mat,phase,met_1,-1.3715179680818241
trdata_94T_dt200us_02.mat,phase,met_2,-1.3712541345904476
trdata_94T_dt200us_02.mat,phase,met_3,-1.371515923325824
trdata_94T_dt200us_02.mat,phase,met_4,-1.3713590246793506
trdata_94T_dt200us_02.mat,phase,met_5,-1.370867840287812
trdata_94T_dt200us_02.mat,phase,met_6,-1.3712895996317815
trdata_94T_dt200us_02.mat,phase,met_7,-1.3713882160693633
trdata_94T_dt200us_02.mat,phase,met_8,-1.3714552522874692
trdata_94T_dt200us_02.mat,phase,met_9,-1.3710756902402532
trdata_94T_dt200us_02.mat,phase,met_10,-1.3714669616786583
trdata_94T_dt200us_02.mat,freq_shift,met_1,-0.021013920190239788
trdata_94T_dt200us_02.mat,freq_shift,met_2,0.013588725553462435
trdata_94T_dt200us_02.mat,freq_shift,met_3,-0.0006468597948289264
trdata_94T_dt200us_02.mat,freq_shift,met_4,0.012638779231278388
trdata_94T_dt200us_02.mat,freq_shift,met_5,0.012015330415946802
trdata_94T_dt200us_02.mat,freq_shift,met_6,0.013815436244772205
trdata_94T_dt200us_02.mat,freq_shift,met_7,0.02355070337417097
trdata_94T_dt200us_02.mat,freq_shift,met_8,0.005253617794558409
trdata_94T_dt200us_02.mat,freq_shift,met_9,0.016664816013311455
trdata_94T_dt200us_02.mat,freq_shift,met_10,0.026827694807899424
trdata_94T_dt200us_02.mat,linewidth,met_1,3.5634058945701073
trdata_94T_dt200us_02.mat,linewidth,met_2,3.5634058945701073
trdata_94T_dt200us_02.mat,linewidth,met_3,3.5634058945701073
trdata_94T_dt200us_02.mat,linewidth,met_4,3.5634058945701073
trdata_94T_dt200us_02.mat,linewidth,met_5,3.5634058945701073
trdata_94T_dt200us_02.mat,linewidth,met_6,3.5634058945701073
trdata_94T_dt200us_02.mat,linewidth,met_7,3.5634058945701073
trdata_94T_dt200us_02.mat,linewidth,met_8,3.5634058945701073
trdata_94T_dt200us_02.mat,linewidth,met_9,3.5634058945701073
trdata_94T_dt200us_02.mat,linewidth,met_10,3.5634058945701073
trdata_94T_dt200us_03.mat,concentration,met_1,1.201988145321202
trdata_94T_dt200us_03.mat,concentration,met_2,7.9037720106719425
trdata_94T_dt200us_03.mat,concentration,met_3,2.008722402417567
trdata_94T_dt200us_03.mat,concentration,met_4,12.404880010844057
trdata_94T_dt200us_03.mat,concentration,met_5,3.831004150439827
trdata_94T_dt200us_03.mat,concentration,met_6,3.8199634739463595
trdata_94T_dt200us_03.mat,concentration,met_7,2.5156313769213887
trdata_94T_dt200us_03.mat,concentration,met_8,4.395224343778068
trdata_94T_dt200us_03.mat,concentration,met_9,8.195574107256894
trdata_94T_dt200us_03.mat,concentration,met_10,8.12970004724013
trdata_94T_dt200us_03.mat,T2,met_1,0.15998427921303202
trdata_94T_dt200us_03.mat,T2,met_2,0.1294015585179401
trdata_94T_dt200us_03.mat,T2,met_3,0.10170020255524084
trdata_94T_dt200us_03.mat,T2,met_4,0.08105306444520297
trdata_94T_dt200us_03.mat,T2,met_5,0.08665775261304706
trdata_94T_dt200us_03.mat,T2,met_6,0.08671106832081908
trdata_94T_dt200us_03.mat,T2,met_7,0.14867565524939627
trdata_94T_dt200us_03.mat,T2,met_8,0.14878610083855812
trdata_94T_dt200us_03.mat,T2,met_9,0.1999568959688507
trdata_94T_dt200us_03.mat,T2,met_10,0.09503233073369337
trdata_94T_dt200us_03.mat,T2p,met_1,0.040031255969398806
trdata_94T_dt200us_03.mat,T2p,met_2,0.040031255969398806
trdata_94T_dt200us_03.mat,T2p,met_3,0.040031255969398806
trdata_94T_dt200us_03.mat,T2p,met_4,0.040031255969398806
trdata_94T_dt200us_03.mat,T2p,met_5,0.040031255969398806
trdata_94T_dt200us_03.mat,T2p,met_6,0.040031255969398806
trdata_94T_dt200us_03.mat,T2p,met_7,0.040031255969398806
trdata_94T_dt200us_03.mat,T2p,met_8,0.040031255969398806
trdata_94T_dt200us_03.mat,T2p,met_9,0.040031255969398806
trdata_94T_dt200us_03.mat,T2p,met_10,0.040031255969398806
trdata_94T_dt200us_03.mat,phase,met_1,-1.3700792420626575
trdata_94T_dt200us_03.mat,phase,met_2,-1.370589276404143
trdata_94T_dt200us_03.mat,phase,met_3,-1.3699450123192327
trdata_94T_dt200us_03.mat,phase,met_4,-1.3709002299758306
trdata_94T_dt200us_03.mat,phase,met_5,-1.3707801635334966
trdata_94T_dt200us_03.mat,phase,met_6,-1.3709614955730207
trdata_94T_dt200us_03.mat,phase,met_7,-1.3705682356014133
trdata_94T_dt200us_03.mat,phase,met_8,-1.3699598235337296
trdata_94T_dt200us_03.mat,phase,met_9,-1.3708160417052806
trdata_94T_dt200us_03.mat,phase,met_10,-1.370518826096482
trdata_94T_dt200us_03.mat,freq_shift,met_1,-0.003678506485793016
trdata_94T_dt200us_03.mat,freq_shift,met_2,-0.0009268231153542662
trdata_94T_dt200us_03.mat,freq_shift,met_3,0.011026563299994126
trdata_94T_dt200us_03.mat,freq_shift,met_4,0.001114165319247471
trdata_94T_dt200us_03.mat,freq_shift,met_5,-0.019239987477386034
trdata_94T_dt200us_03.mat,freq_shift,met_6,0.008268711163874112
trdata_94T_dt200us_03.mat,freq_shift,met_7,0.006075386802594479
trdata_94T_dt200us_03.mat,freq_shift,met_8,-0.026638410920477106
trdata_94T_dt200us_03.mat,freq_shift,met_9,-0.04127809722395003
trdata_94T_dt200us_03.mat,freq_shift,met_10,-0.010437378184330949
trdata_94T_dt200us_03.mat,linewidth,met_1,3.5712248480582796
trdata_94T_dt200us_03.mat,linewidth,met_2,3.5712248480582796
trdata_94T_dt200us_03.mat,linewidth,met_3,3.5712248480582796
trdata_94T_dt200us_03.mat,linewidth,met_4,3.5712248480582796
trdata_94T_dt200us_03.mat,linewidth,met_5,3.5712248480582796
trdata_94T_dt200us_03.mat,linewidth,met_6,3.5712248480582796
trdata_94T_dt200us_03.mat,linewidth,met_7,3.5712248480582796
trdata_94T_dt200us_03.mat,linewidth,met_8,3.5712248480582796
trdata_94T_dt200us_03.mat,linewidth,met_9,3.5712248480582796
trdata_94T_dt200us_03.mat,linewidth,met_10,3.5712248480582796
trdata_94T_dt200us_04.mat,concentration,met_1,1.201988145321202
trdata_94T_dt200us_04.mat,concentration,met_2,7.9037720106719425
trdata_94T_dt200us_04.mat,concentration,met_3,2.008722402417567
trdata_94T_dt200us_04.mat,concentration,met_4,12.404880010844057
trdata_94T_dt200us_04.mat,concentration,met_5,3.831004150439827
trdata_94T_dt200us_04.mat,concentration,met_6,3.8199634739463595
trdata_94T_dt200us_04.mat,concentration,met_7,2.5156313769213887
trdata_94T_dt200us_04.mat,concentration,met_8,4.395224343778068
trdata_94T_dt200us_04.mat,concentration,met_9,8.195574107256894
trdata_94T_dt200us_04.mat,concentration,met_10,8.12970004724013
trdata_94T_dt200us_04.mat,T2,met_1,0.15998427921303202
trdata_94T_dt200us_04.mat,T2,met_2,0.1294015585179401
trdata_94T_dt200us_04.mat,T2,met_3,0.10170020255524084
trdata_94T_dt200us_04.mat,T2,met_4,0.08105306444520297
trdata_94T_dt200us_04.mat,T2,met_5,0.08665775261304706
trdata_94T_dt200us_04.mat,T2,met_6,0.08671106832081908
trdata_94T_dt200us_04.mat,T2,met_7,0.14867565524939627
trdata_94T_dt200us_04.mat,T2,met_8,0.14878610083855812
trdata_94T_dt200us_04.mat,T2,met_9,0.1999568959688507
trdata_94T_dt200us_04.mat,T2,met_10,0.09503233073369337
trdata_94T_dt200us_04.mat,T2p,met_1,0.04002433189395884
trdata_94T_dt200us_04.mat,T2p,met_2,0.04002433189395884
trdata_94T_dt200us_04.mat,T2p,met_3,0.04002433189395884
trdata_94T_dt200us_04.mat,T2p,met_4,0.04002433189395884
trdata_94T_dt200us_04.mat,T2p,met_5,0.04002433189395884
trdata_94T_dt200us_04.mat,T2p,met_6,0.04002433189395884
trdata_94T_dt200us_04.mat,T2p,met_7,0.04002433189395884
trdata_94T_dt200us_04.mat,T2p,met_8,0.04002433189395884
trdata_94T_dt200us_04.mat,T2p,met_9,0.04002433189395884
trdata_94T_dt200us_04.mat,T2p,met_10,0.04002433189395884
trdata_94T_dt200us_04.mat,phase,met_1,-1.3695200427988776
trdata_94T_dt200us_04.mat,phase,met_2,-1.3701083592943955
trdata_94T_dt200us_04.mat,phase,met_3,-1.3694179066361778
trdata_94T_dt200us_04.mat,phase,met_4,-1.3695677910360624
trdata_94T_dt200us_04.mat,phase,met_5,-1.3697961297848142
trdata_94T_dt200us_04.mat,phase,met_6,-1.3701517119370854
trdata_94T_dt200us_04.mat,phase,met_7,-1.3694233583208717
trdata_94T_dt200us_04.mat,phase,met_8,-1.369785776051911
trdata_94T_dt200us_04.mat,phase,met_9,-1.3700799157344206
trdata_94T_dt200us_04.mat,phase,met_10,-1.3699915902212754
trdata_94T_dt200us_04.mat,freq_shift,met_1,-0.0026735635283083492
trdata_94T_dt200us_04.mat,freq_shift,met_2,-0.023498458525326785
trdata_94T_dt200us_04.mat,freq_shift,met_3,-0.029866429159995538
trdata_94T_dt200us_04.mat,freq_shift,met_4,-0.014739764254896582
trdata_94T_dt200us_04.mat,freq_shift,met_5,0.004897981590954544
trdata_94T_dt200us_04.mat,freq_shift,met_6,-0.014902842005477942
trdata_94T_dt200us_04.mat,freq_shift,met_7,0.0018759619829132037
trdata_94T_dt200us_04.mat,freq_shift,met_8,-0.008427043544003464
trdata_94T_dt200us_04.mat,freq_shift,met_9,0.028422288850355377
trdata_94T_dt200us_04.mat,freq_shift,met_10,0.042603786750166475
trdata_94T_dt200us_04.mat,linewidth,met_1,3.5435626517531125
trdata_94T_dt200us_04.mat,linewidth,met_2,3.5435626517531125
trdata_94T_dt200us_04.mat,linewidth,met_3,3.5435626517531125
trdata_94T_dt200us_04.mat,linewidth,met_4,3.5435626517531125
trdata_94T_dt200us_04.mat,linewidth,met_5,3.5435626517531125
trdata_94T_dt200us_04.mat,linewidth,met_6,3.5435626517531125
trdata_94T_dt200us_04.mat,linewidth,met_7,3.5435626517531125
trdata_94T_dt200us_04.mat,linewidth,met_8,3.5435626517531125
trdata_94T_dt200us_04.mat,linewidth,met_9,3.5435626517531125
trdata_94T_dt200us_04.mat,linewidth,met_10,3.5435626517531125
trdata_94T_dt200us_05.mat,concentration,met_1,1.201988145321202
trdata_94T_dt200us_05.mat,concentration,met_2,7.9037720106719425
trdata_94T_dt200us_05.mat,concentration,met_3,2.008722402417567
trdata_94T_dt200us_05.mat,concentration,met_4,12.404880010844057
trdata_94T_dt200us_05.mat,concentration,met_5,3.831004150439827
trdata_94T_dt200us_05.mat,concentration,met_6,3.8199634739463595
trdata_94T_dt200us_05.mat,concentration,met_7,2.5156313769213887
trdata_94T_dt200us_05.mat,concentration,met_8,4.395224343778068
trdata_94T_dt200us_05.mat,concentration,met_9,8.195574107256894
trdata_94T_dt200us_05.mat,concentration,met_10,8.12970004724013
trdata_94T_dt200us_05.mat,T2,met_1,0.15998427921303202
trdata_94T_dt200us_05.mat,T2,met_2,0.1294015585179401
trdata_94T_dt200us_05.mat,T2,met_3,0.10170020255524084
trdata_94T_dt200us_05.mat,T2,met_4,0.08105306444520297
trdata_94T_dt200us_05.mat,T2,met_5,0.08665775261304706
trdata_94T_dt200us_05.mat,T2,met_6,0.08671106832081908
trdata_94T_dt200us_05.mat,T2,met_7,0.14867565524939627
trdata_94T_dt200us_05.mat,T2,met_8,0.14878610083855812
trdata_94T_dt200us_05.mat,T2,met_9,0.1999568959688507
trdata_94T_dt200us_05.mat,T2,met_10,0.09503233073369337
trdata_94T_dt200us_05.mat,T2p,met_1,0.0399428177439965
trdata_94T_dt200us_05.mat,T2p,met_2,0.0399428177439965
trdata_94T_dt200us_05.mat,T2p,met_3,0.0399428177439965
trdata_94T_dt200us_05.mat,T2p,met_4,0.0399428177439965
trdata_94T_dt200us_05.mat,T2p,met_5,0.0399428177439965
trdata_94T_dt200us_05.mat,T2p,met_6,0.0399428177439965
trdata_94T_dt200us_05.mat,T2p,met_7,0.0399428177439965
trdata_94T_dt200us_05.mat,T2p,met_8,0.0399428177439965
trdata_94T_dt200us_05.mat,T2p,met_9,0.0399428177439965
trdata_94T_dt200us_05.mat,T2p,met_10,0.0399428177439965
trdata_94T_dt200us_05.mat,phase,met_1,-1.368567132337426
trdata_94T_dt200us_05.mat,phase,met_2,-1.368442585754923
trdata_94T_dt200us_05.mat,phase,met_3,-1.3682693282087546
trdata_94T_dt200us_05.mat,phase,met_4,-1.3676340974881847
trdata_94T_dt200us_05.mat,phase,met_5,-1.3683076773256064
trdata_94T_dt200us_05.mat,phase,met_6,-1.3684844622145684
trdata_94T_dt200us_05.mat,phase,met_7,-1.3687193949550807
trdata_94T_dt200us_05.mat,phase,met_8,-1.3679820922079864
trdata_94T_dt200us_05.mat,phase,met_9,-1.3681637888182068
trdata_94T_dt200us_05.mat,phase,met_10,-1.3683055832274726
trdata_94T_dt200us_05.mat,freq_shift,met_1,0.005718495796396086
trdata_94T_dt200us_05.mat,freq_shift,met_2,-0.0032994956958757116
trdata_94T_dt200us_05.mat,freq_shift,met_3,0.0343081970015438
trdata_94T_dt200us_05.mat,freq_shift,met_4,0.014362965891603244
trdata_94T_dt200us_05.mat,freq_shift,met_5,-0.03874127418476713
trdata_94T_dt200us_05.mat,freq_shift,met_6,-0.0189144703605114
trdata_94T_dt200us_05.mat,freq_shift,met_7,0.02323185974641001
trdata_94T_dt200us_05.mat,freq_shift,met_8,-0.04397110750089197
trdata_94T_dt200us_05.mat,freq_shift,met_9,-0.010080351121375007
trdata_94T_dt200us_05.mat,freq_shift,met_10,-0.018609840343497906
trdata_94T_dt200us_05.mat,linewidth,met_1,3.566196925692423
trdata_94T_dt200us_05.mat,linewidth,met_2,3.566196925692423
trdata_94T_dt200us_05.mat,linewidth,met_3,3.566196925692423
trdata_94T_dt200us_05.mat,linewidth,met_4,3.566196925692423
trdata_94T_dt200us_05.mat,linewidth,met_5,3.566196925692423
trdata_94T_dt200us_05.mat,linewidth,met_6,3.566196925692423
trdata_94T_dt200us_05.mat,linewidth,met_7,3.566196925692423
trdata_94T_dt200us_05.mat,linewidth,met_8,3.566196925692423
trdata_94T_dt200us_05.mat,linewidth,met_9,3.566196925692423
trdata_94T_dt200us_05.mat,linewidth,met_10,3.566196925692423
trdata_94T_dt200us_06.mat,concentration,met_1,1.201988145321202
trdata_94T_dt200us_06.mat,concentration,met_2,7.9037720106719425
trdata_94T_dt200us_06.mat,concentration,met_3,2.008722402417567
trdata_94T_dt200us_06.mat,concentration,met_4,12.404880010844057
trdata_94T_dt200us_06.mat,concentration,met_5,3.831004150439827
trdata_94T_dt200us_06.mat,concentration,met_6,3.8199634739463595
trdata_94T_dt200us_06.mat,concentration,met_7,2.5156313769213887
trdata_94T_dt200us_06.mat,concentration,met_8,4.395224343778068
trdata_94T_dt200us_06.mat,concentration,met_9,8.195574107256894
trdata_94T_dt200us_06.mat,concentration,met_10,8.12970004724013
trdata_94T_dt200us_06.mat,T2,met_1,0.15998427921303202
trdata_94T_dt200us_06.mat,T2,met_2,0.1294015585179401
trdata_94T_dt200us_06.mat,T2,met_3,0.10170020255524084
trdata_94T_dt200us_06.mat,T2,met_4,0.08105306444520297
trdata_94T_dt200us_06.mat,T2,met_5,0.08665775261304706
trdata_94T_dt200us_06.mat,T2,met_6,0.08671106832081908
trdata_94T_dt200us_06.mat,T2,met_7,0.14867565524939627
trdata_94T_dt200us_06.mat,T2,met_8,0.14878610083855812
trdata_94T_dt200us_06.mat,T2,met_9,0.1999568959688507
trdata_94T_dt200us_06.mat,T2,met_10,0.09503233073369337
trdata_94T_dt200us_06.mat,T2p,met_1,0.040015314325517956
trdata_94T_dt200us_06.mat,T2p,met_2,0.040015314325517956
trdata_94T_dt200us_06.mat,T2p,met_3,0.040015314325517956
trdata_94T_dt200us_06.mat,T2p,met_4,0.040015314325517956
trdata_94T_dt200us_06.mat,T2p,met_5,0.040015314325517956
trdata_94T_dt200us_06.mat,T2p,met_6,0.040015314325517956
trdata_94T_dt200us_06.mat,T2p,met_7,0.040015314325517956
trdata_94T_dt200us_06.mat,T2p,met_8,0.040015314325517956
trdata_94T_dt200us_06.mat,T2p,met_9,0.040015314325517956
trdata_94T_dt200us_06.mat,T2p,met_10,0.040015314325517956
trdata_94T_dt200us_06.mat,phase,met_1,-1.3706514072586742
trdata_94T_dt200us_06.mat,phase,met_2,-1.3693201599244689
trdata_94T_dt200us_06.mat,phase,met_3,-1.3700700766454212
trdata_94T_dt200us_06.mat,phase,met_4,-1.3706826893040962
trdata_94T_dt200us_06.mat,phase,met_5,-1.3699056695208527
trdata_94T_dt200us_06.mat,phase,met_6,-1.37023825956755
trdata_94T_dt200us_06.mat,phase,met_7,-1.3709090626447045
trdata_94T_dt200us_06.mat,phase,met_8,-1.3701218456203201
trdata_94T_dt200us_06.mat,phase,met_9,-1.3698042548937923
trdata_94T_dt200us_06.mat,phase,met_10,-1.3700797809412997
trdata_94T_dt200us_06.mat,freq_shift,met_1,0.007326837169152464
trdata_94T_dt200us_06.mat,freq_shift,met_2,0.03882263206553188
trdata_94T_dt200us_06.mat,freq_shift,met_3,0.017161105928314924
trdata_94T_dt200us_06.mat,freq_shift,met_4,0.0021773176044919402
trdata_94T_dt200us_06.mat,freq_shift,met_5,-0.00824980883164963
trdata_94T_dt200us_06.mat,freq_shift,met_6,-0.00029077994321546717
trdata_94T_dt200us_06.mat,freq_shift,met_7,-0.013337917637085172
trdata_94T_dt200us_06.mat,freq_shift,met_8,0.011036595017088828
trdata_94T_dt200us_06.mat,freq_shift,met_9,-0.018797098706164746
trdata_94T_dt200us_06.mat,freq_shift,met_10,0.009757235357307216
trdata_94T_dt200us_06.mat,linewidth,met_1,3.560723187867446
trdata_94T_dt200us_06.mat,linewidth,met_2,3.560723187867446
trdata_94T_dt200us_06.mat,linewidth,met_3,3.560723187867446
trdata_94T_dt200us_06.mat,linewidth,met_4,3.560723187867446
trdata_94T_dt200us_06.mat,linewidth,met_5,3.560723187867446
trdata_94T_dt200us_06.mat,linewidth,met_6,3.560723187867446
trdata_94T_dt200us_06.mat,linewidth,met_7,3.560723187867446
trdata_94T_dt200us_06.mat,linewidth,met_8,3.560723187867446
trdata_94T_dt200us_06.mat,linewidth,met_9,3.560723187867446
trdata_94T_dt200us_06.mat,linewidth,met_10,3.560723187867446
trdata_94T_dt200us_07.mat,concentration,met_1,1.201988145321202
trdata_94T_dt200us_07.mat,concentration,met_2,7.9037720106719425
trdata_94T_dt200us_07.mat,concentration,met_3,2.008722402417567
trdata_94T_dt200us_07.mat,concentration,met_4,12.404880010844057
trdata_94T_dt200us_07.mat,concentration,met_5,3.831004150439827
trdata_94T_dt200us_07.mat,concentration,met_6,3.8199634739463595
trdata_94T_dt200us_07.mat,concentration,met_7,2.5156313769213887
trdata_94T_dt200us_07.mat,concentration,met_8,4.395224343778068
trdata_94T_dt200us_07.mat,concentration,met_9,8.195574107256894
trdata_94T_dt200us_07.mat,concentration,met_10,8.12970004724013
trdata_94T_dt200us_07.mat,T2,met_1,0.15998427921303202
trdata_94T_dt200us_07.mat,T2,met_2,0.1294015585179401
trdata_94T_dt200us_07.mat,T2,met_3,0.10170020255524084
trdata_94T_dt200us_07.mat,T2,met_4,0.08105306444520297
trdata_94T_dt200us_07.mat,T2,met_5,0.08665775261304706
trdata_94T_dt200us_07.mat,T2,met_6,0.08671106832081908
trdata_94T_dt200us_07.mat,T2,met_7,0.14867565524939627
trdata_94T_dt200us_07.mat,T2,met_8,0.14878610083855812
trdata_94T_dt200us_07.mat,T2,met_9,0.1999568959688507
trdata_94T_dt200us_07.mat,T2,met_10,0.09503233073369337
trdata_94T_dt200us_07.mat,T2p,met_1,0.03997386193512918
trdata_94T_dt200us_07.mat,T2p,met_2,0.03997386193512918
trdata_94T_dt200us_07.mat,T2p,met_3,0.03997386193512918
trdata_94T_dt200us_07.mat,T2p,met_4,0.03997386193512918
trdata_94T_dt200us_07.mat,T2p,met_5,0.03997386193512918
trdata_94T_dt200us_07.mat,T2p,met_6,0.03997386193512918
trdata_94T_dt200us_07.mat,T2p,met_7,0.03997386193512918
trdata_94T_dt200us_07.mat,T2p,met_8,0.03997386193512918
trdata_94T_dt200us_07.mat,T2p,met_9,0.03997386193512918
trdata_94T_dt200us_07.mat,T2p,met_10,0.03997386193512918
trdata_94T_dt200us_07.mat,phase,met_1,-1.3710669574829955
trdata_94T_dt200us_07.mat,phase,met_2,-1.37077245349387
trdata_94T_dt200us_07.mat,phase,met_3,-1.370984612886061
trdata_94T_dt200us_07.mat,phase,met_4,-1.3713769639755031
trdata_94T_dt200us_07.mat,phase,met_5,-1.3714266071985128
trdata_94T_dt200us_07.mat,phase,met_6,-1.3715274763213383
trdata_94T_dt200us_07.mat,phase,met_7,-1.37109289943184
trdata_94T_dt200us_07.mat,phase,met_8,-1.3710818171543122
trdata_94T_dt200us_07.mat,phase,met_9,-1.3710435478315814
trdata_94T_dt200us_07.mat,phase,met_10,-1.3712473313638114
trdata_94T_dt200us_07.mat,freq_shift,met_1,0.012482744125550003
trdata_94T_dt200us_07.mat,freq_shift,met_2,0.027711742771248132
trdata_94T_dt200us_07.mat,freq_shift,met_3,0.0006958362784431029
trdata_94T_dt200us_07.mat,freq_shift,met_4,-0.001035546831403405
trdata_94T_dt200us_07.mat,freq_shift,met_5,-0.003057549683096707
trdata_94T_dt200us_07.mat,freq_shift,met_6,-0.015709798050625747
trdata_94T_dt200us_07.mat,freq_shift,met_7,-0.0051522913518252484
trdata_94T_dt200us_07.mat,freq_shift,met_8,0.0036236548406844826
trdata_94T_dt200us_07.mat,freq_shift,met_9,0.012508488816912204
trdata_94T_dt200us_07.mat,freq_shift,met_10,0.024666446481383966
trdata_94T_dt200us_07.mat,linewidth,met_1,3.5505818884160205
trdata_94T_dt200us_07.mat,linewidth,met_2,3.5505818884160205
trdata_94T_dt200us_07.mat,linewidth,met_3,3.5505818884160205
trdata_94T_dt200us_07.mat,linewidth,met_4,3.5505818884160205
trdata_94T_dt200us_07.mat,linewidth,met_5,3.5505818884160205
trdata_94T_dt200us_07.mat,linewidth,met_6,3.5505818884160205
trdata_94T_dt200us_07.mat,linewidth,met_7,3.5505818884160205
trdata_94T_dt200us_07.mat,linewidth,met_8,3.5505818884160205
trdata_94T_dt200us_07.mat,linewidth,met_9,3.5505818884160205
trdata_94T_dt200us_07.mat,linewidth,met_10,3.5505818884160205
trdata_94T_dt200us_08.mat,concentration,met_1,1.201988145321202
trdata_94T_dt200us_08.mat,concentration,met_2,7.9037720106719425
trdata_94T_dt200us_08.mat,concentration,met_3,2.008722402417567
trdata_94T_dt200us_08.mat,concentration,met_4,12.404880010844057
trdata_94T_dt200us_08.mat,concentration,met_5,3.831004150439827
trdata_94T_dt200us_08.mat,concentration,met_6,3.8199634739463595
trdata_94T_dt200us_08.mat,concentration,met_7,2.5156313769213887
trdata_94T_dt200us_08.mat,concentration,met_8,4.395224343778068
trdata_94T_dt200us_08.mat,concentration,met_9,8.195574107256894
trdata_94T_dt200us_08.mat,concentration,met_10,8.12970004724013
trdata_94T_dt200us_08.mat,T2,met_1,0.15998427921303202
trdata_94T_dt200us_08.mat,T2,met_2,0.1294015585179401
trdata_94T_dt200us_08.mat,T2,met_3,0.10170020255524084
trdata_94T_dt200us_08.mat,T2,met_4,0.08105306444520297
trdata_94T_dt200us_08.mat,T2,met_5,0.08665775261304706
trdata_94T_dt200us_08.mat,T2,met_6,0.08671106832081908
trdata_94T_dt200us_08.mat,T2,met_7,0.14867565524939627
trdata_94T_dt200us_08.mat,T2,met_8,0.14878610083855812
trdata_94T_dt200us_08.mat,T2,met_9,0.1999568959688507
trdata_94T_dt200us_08.mat,T2,met_10,0.09503233073369337
trdata_94T_dt200us_08.mat,T2p,met_1,0.04001183638229058
trdata_94T_dt200us_08.mat,T2p,met_2,0.04001183638229058
trdata_94T_dt200us_08.mat,T2p,met_3,0.04001183638229058
trdata_94T_dt200us_08.mat,T2p,met_4,0.04001183638229058
trdata_94T_dt200us_08.mat,T2p,met_5,0.04001183638229058
trdata_94T_dt200us_08.mat,T2p,met_6,0.04001183638229058
trdata_94T_dt200us_08.mat,T2p,met_7,0.04001183638229058
trdata_94T_dt200us_08.mat,T2p,met_8,0.04001183638229058
trdata_94T_dt200us_08.mat,T2p,met_9,0.04001183638229058
trdata_94T_dt200us_08.mat,T2p,met_10,0.04001183638229058
trdata_94T_dt200us_08.mat,phase,met_1,-1.3705454387458142
trdata_94T_dt200us_08.mat,phase,met_2,-1.371544809329229
trdata_94T_dt200us_08.mat,phase,met_3,-1.3710745742084391
trdata_94T_dt200us_08.mat,phase,met_4,-1.3709569744417869
trdata_94T_dt200us_08.mat,phase,met_5,-1.3706245015841256
trdata_94T_dt200us_08.mat,phase,met_6,-1.3704301384782025
trdata_94T_dt200us_08.mat,phase,met_7,-1.3704314256182846
trdata_94T_dt200us_08.mat,phase,met_8,-1.3707741273873881
trdata_94T_dt200us_08.mat,phase,met_9,-1.3704761904756433
trdata_94T_dt200us_08.mat,phase,met_10,-1.3709518456134624
trdata_94T_dt200us_08.mat,freq_shift,met_1,-0.0242056677307254
trdata_94T_dt200us_08.mat,freq_shift,met_2,0.007870553739204741
trdata_94T_dt200us_08.mat,freq_shift,met_3,-0.0032843026628646584
trdata_94T_dt200us_08.mat,freq_shift,met_4,-0.02665237255255447
trdata_94T_dt200us_08.mat,freq_shift,met_5,-0.001763042323468861
trdata_94T_dt200us_08.mat,freq_shift,met_6,0.008058708014553431
trdata_94T_dt200us_08.mat,freq_shift,met_7,0.010943178426191713
trdata_94T_dt200us_08.mat,freq_shift,met_8,-0.027864826927064115
trdata_94T_dt200us_08.mat,freq_shift,met_9,0.005836819179548235
trdata_94T_dt200us_08.mat,freq_shift,met_10,-0.016365526834088956
trdata_94T_dt200us_08.mat,linewidth,met_1,3.5825571334377884
trdata_94T_dt200us_08.mat,linewidth,met_2,3.5825571334377884
trdata_94T_dt200us_08.mat,linewidth,met_3,3.5825571334377884
trdata_94T_dt200us_08.mat,linewidth,met_4,3.5825571334377884
trdata_94T_dt200us_08.mat,linewidth,met_5,3.5825571334377884
trdata_94T_dt200us_08.mat,linewidth,met_6,3.5825571334377884
trdata_94T_dt200us_08.mat,linewidth,met_7,3.5825571334377884
trdata_94T_dt200us_08.mat,linewidth,met_8,3.5825571334377884
trdata_94T_dt200us_08.mat,linewidth,met_9,3.5825571334377884
trdata_94T_dt200us_08.mat,linewidth,met_10,3.5825571334377884
trdata_94T_dt200us_09.mat,concentration,met_1,1.201988145321202
trdata_94T_dt200us_09.mat,concentration,met_2,7.9037720106719425
trdata_94T_dt200us_09.mat,concentration,met_3,2.008722402417567
trdata_94T_dt200us_09.mat,concentration,met_4,12.404880010844057
trdata_94T_dt200us_09.mat,concentration,met_5,3.831004150439827
trdata_94T_dt200us_09.mat,concentration,met_6,3.8199634739463595
trdata_94T_dt200us_09.mat,concentration,met_7,2.5156313769213887
trdata_94T_dt200us_09.mat,concentration,met_8,4.395224343778068
trdata_94T_dt200us_09.mat,concentration,met_9,8.195574107256894
trdata_94T_dt200us_09.mat,concentration,met_10,8.12970004724013
trdata_94T_dt200us_09.mat,T2,met_1,0.15998427921303202
trdata_94T_dt200us_09.mat,T2,met_2,0.1294015585179401
trdata_94T_dt200us_09.mat,T2,met_3,0.10170020255524084
trdata_94T_dt200us_09.mat,T2,met_4,0.08105306444520297
trdata_94T_dt200us_09.mat,T2,met_5,0.08665775261304706
trdata_94T_dt200us_09.mat,T2,met_6,0.08671106832081908
trdata_94T_dt200us_09.mat,T2,met_7,0.14867565524939627
trdata_94T_dt200us_09.mat,T2,met_8,0.14878610083855812
trdata_94T_dt200us_09.mat,T2,met_9,0.1999568959688507
trdata_94T_dt200us_09.mat,T2,met_10,0.09503233073369337
trdata_94T_dt200us_09.mat,T2p,met_1,0.04000945767041185
trdata_94T_dt200us_09.mat,T2p,met_2,0.04000945767041185
trdata_94T_dt200us_09.mat,T2p,met_3,0.04000945767041185
trdata_94T_dt200us_09.mat,T2p,met_4,0.04000945767041185
trdata_94T_dt200us_09.mat,T2p,met_5,0.04000945767041185
trdata_94T_dt200us_09.mat,T2p,met_6,0.04000945767041185
trdata_94T_dt200us_09.mat,T2p,met_7,0.04000945767041185
trdata_94T_dt200us_09.mat,T2p,met_8,0.04000945767041185
trdata_94T_dt200us_09.mat,T2p,met_9,0.04000945767041185
trdata_94T_dt200us_09.mat,T2p,met_10,0.04000945767041185
trdata_94T_dt200us_09.mat,phase,met_1,-1.371753574170619
trdata_94T_dt200us_09.mat,phase,met_2,-1.3716517368003176
trdata_94T_dt200us_09.mat,phase,met_3,-1.3711051149240037
trdata_94T_dt200us_09.mat,phase,met_4,-1.371710950062164
trdata_94T_dt200us_09.mat,phase,met_5,-1.3714045321369532
trdata_94T_dt200us_09.mat,phase,met_6,-1.3707082664744152
trdata_94T_dt200us_09.mat,phase,met_7,-1.3712497730868436
trdata_94T_dt200us_09.mat,phase,met_8,-1.3714379312060427
trdata_94T_dt200us_09.mat,phase,met_9,-1.371788999219995
trdata_94T_dt200us_09.mat,phase,met_10,-1.371904363017609
trdata_94T_dt200us_09.mat,freq_shift,met_1,-0.02998047252707042
trdata_94T_dt200us_09.mat,freq_shift,met_2,0.008867769388835179
trdata_94T_dt200us_09.mat,freq_shift,met_3,0.017805743629807445
trdata_94T_dt200us_09.mat,freq_shift,met_4,0.019723211667339542
trdata_94T_dt200us_09.mat,freq_shift,met_5,0.005231618830041065
trdata_94T_dt200us_09.mat,freq_shift,met_6,0.01904388983239599
trdata_94T_dt200us_09.mat,freq_shift,met_7,0.028289152091928883
trdata_94T_dt200us_09.mat,freq_shift,met_8,-0.010572820111820204
trdata_94T_dt200us_09.mat,freq_shift,met_9,0.009817350744762709
trdata_94T_dt200us_09.mat,freq_shift,met_10,0.0015189827703706762
trdata_94T_dt200us_09.mat,linewidth,met_1,3.5782238900918597
trdata_94T_dt200us_09.mat,linewidth,met_2,3.5782238900918597
trdata_94T_dt200us_09.mat,linewidth,met_3,3.5782238900918597
trdata_94T_dt200us_09.mat,linewidth,met_4,3.5782238900918597
trdata_94T_dt200us_09.mat,linewidth,met_5,3.5782238900918597
trdata_94T_dt200us_09.mat,linewidth,met_6,3.5782238900918597
trdata_94T_dt200us_09.mat,linewidth,met_7,3.5782238900918597
trdata_94T_dt200us_09.mat,linewidth,met_8,3.5782238900918597
trdata_94T_dt200us_09.mat,linewidth,met_9,3.5782238900918597
trdata_94T_dt200us_09.mat,linewidth,met_10,3.5782238900918597
trdata_94T_dt200us_10.mat,concentration,met_1,1.201988145321202
trdata_94T_dt200us_10.mat,concentration,met_2,7.9037720106719425
trdata_94T_dt200us_10.mat,concentration,met_3,2.008722402417567
trdata_94T_dt200us_10.mat,concentration,met_4,12.404880010844057
trdata_94T_dt200us_10.mat,concentration,met_5,3.831004150439827
trdata_94T_dt200us_10.mat,concentration,met_6,3.8199634739463595
trdata_94T_dt200us_10.mat,concentration,met_7,2.5156313769213887
trdata_94T_dt200us_10.mat,concentration,met_8,4.395224343778068
trdata_94T_dt200us_10.mat,concentration,met_9,8.195574107256894
trdata_94T_dt200us_10.mat,concentration,met_10,8.12970004724013
trdata_94T_dt200us_10.mat,T2,met_1,0.15998427921303202
trdata_94T_dt200us_10.mat,T2,met_2,0.1294015585179401
trdata_94T_dt200us_10.mat,T2,met_3,0.10170020255524084
trdata_94T_dt200us_10.mat,T2,met_4,0.08105306444520297
trdata_94T_dt200us_10.mat,T2,met_5,0.08665775261304706
trdata_94T_dt200us_10.mat,T2,met_6,0.08671106832081908
trdata_94T_dt200us_10.mat,T2,met_7,0.14867565524939627
trdata_94T_dt200us_10.mat,T2,met_8,0.14878610083855812
trdata_94T_dt200us_10.mat,T2,met_9,0.1999568959688507
trdata_94T_dt200us_10.mat,T2,met_10,0.09503233073369337
trdata_94T_dt200us_10.mat,T2p,met_1,0.03998109289276046
trdata_94T_dt200us_10.mat,T2p,met_2,0.03998109289276046
trdata_94T_dt200us_10.mat,T2p,met_3,0.03998109289276046
trdata_94T_dt200us_10.mat,T2p,met_4,0.03998109289276046
trdata_94T_dt200us_10.mat,T2p,met_5,0.03998109289276046
trdata_94T_dt200us_10.mat,T2p,met_6,0.03998109289276046
trdata_94T_dt200us_10.mat,T2p,met_7,0.03998109289276046
trdata_94T_dt200us_10.mat,T2p,met_8,0.03998109289276046
trdata_94T_dt200us_10.mat,T2p,met_9,0.03998109289276046
trdata_94T_dt200us_10.mat,T2p,met_10,0.03998109289276046
trdata_94T_dt200us_10.mat,phase,met_1,-1.3718391750463357
trdata_94T_dt200us_10.mat,phase,met_2,-1.371702810790204
trdata_94T_dt200us_10.mat,phase,met_3,-1.3719676639242206
trdata_94T_dt200us_10.mat,phase,met_4,-1.3716454814208046
trdata_94T_dt200us_10.mat,phase,met_5,-1.3720156350525476
trdata_94T_dt200us_10.mat,phase,met_6,-1.3720803380049778
trdata_94T_dt200us_10.mat,phase,met_7,-1.372498045861329
trdata_94T_dt200us_10.mat,phase,met_8,-1.3714506941767106
trdata_94T_dt200us_10.mat,phase,met_9,-1.3720133285364808
trdata_94T_dt200us_10.mat,phase,met_10,-1.371495536478165
trdata_94T_dt200us_10.mat,freq_shift,met_1,-0.007484295213484488
trdata_94T_dt200us_10.mat,freq_shift,met_2,0.0022907910313111797
trdata_94T_dt200us_10.mat,freq_shift,met_3,0.01947521822620194
trdata_94T_dt200us_10.mat,freq_shift,met_4,-0.012021351080622425
trdata_94T_dt200us_10.mat,freq_shift,met_5,-0.0026083810590942676
trdata_94T_dt200us_10.mat,freq_shift,met_6,0.040087328543188666
trdata_94T_dt200us_10.mat,freq_shift,met_7,-0.009619779692504885
trdata_94T_dt200us_10.mat,freq_shift,met_8,0.010009880145428163
trdata_94T_dt200us_10.mat,freq_shift,met_9,0.0068795019569255775
trdata_94T_dt200us_10.mat,freq_shift,met_10,0.04701060594723691
trdata_94T_dt200us_10.mat,linewidth,met_1,3.558612712525878
trdata_94T_dt200us_10.mat,linewidth,met_2,3.558612712525878
trdata_94T_dt200us_10.mat,linewidth,met_3,3.558612712525878
trdata_94T_dt200us_10.mat,linewidth,met_4,3.558612712525878
trdata_94T_dt200us_10.mat,linewidth,met_5,3.558612712525878
trdata_94T_dt200us_10.mat,linewidth,met_6,3.558612712525878
trdata_94T_dt200us_10.mat,linewidth,met_7,3.558612712525878
trdata_94T_dt200us_10.mat,linewidth,met_8,3.558612712525878
trdata_94T_dt200us_10.mat,linewidth,met_9,3.558612712525878
trdata_94T_dt200us_10.mat,linewidth,met_10,3.558612712525878
trdata_94T_dt200us_11.mat,concentration,met_1,1.201988145321202
trdata_94T_dt200us_11.mat,concentration,met_2,7.9037720106719425
trdata_94T_dt200us_11.mat,concentration,met_3,2.008722402417567
trdata_94T_dt200us_11.mat,concentration,met_4,12.404880010844057
trdata_94T_dt200us_11.mat,concentration,met_5,3.831004150439827
trdata_94T_dt200us_11.mat,concentration,met_6,3.8199634739463595
trdata_94T_dt200us_11.mat,concentration,met_7,2.5156313769213887
trdata_94T_dt200us_11.mat,concentration,met_8,4.395224343778068
trdata_94T_dt200us_11.mat,concentration,met_9,8.195574107256894
trdata_94T_dt200us_11.mat,concentration,met_10,8.12970004724013
trdata_94T_dt200us_11.mat,T2,met_1,0.15998427921303202
trdata_94T_dt200us_11.mat,T2,met_2,0.1294015585179401
trdata_94T_dt200us_11.mat,T2,met_3,0.10170020255524084
trdata_94T_dt200us_11.mat,T2,met_4,0.08105306444520297
trdata_94T_dt200us_11.mat,T2,met_5,0.08665775261304706
trdata_94T_dt200us_11.mat,T2,met_6,0.08671106832081908
trdata_94T_dt200us_11.mat,T2,met_7,0.14867565524939627
trdata_94T_dt200us_11.mat,T2,met_8,0.14878610083855812
trdata_94T_dt200us_11.mat,T2,met_9,0.1999568959688507
trdata_94T_dt200us_11.mat,T2,met_10,0.09503233073369337
trdata_94T_dt200us_11.mat,T2p,met_1,0.03999779505476422
trdata_94T_dt200us_11.mat,T2p,met_2,0.03999779505476422
trdata_94T_dt200us_11.mat,T2p,met_3,0.03999779505476422
trdata_94T_dt200us_11.mat,T2p,met_4,0.03999779505476422
trdata_94T_dt200us_11.mat,T2p,met_5,0.03999779505476422
trdata_94T_dt200us_11.mat,T2p,met_6,0.03999779505476422
trdata_94T_dt200us_11.mat,T2p,met_7,0.03999779505476422
trdata_94T_dt200us_11.mat,T2p,met_8,0.03999779505476422
trdata_94T_dt200us_11.mat,T2p,met_9,0.03999779505476422
trdata_94T_dt200us_11.mat,T2p,met_10,0.03999779505476422
trdata_94T_dt200us_11.mat,phase,met_1,-1.3704640628173206
trdata_94T_dt200us_11.mat,phase,met_2,-1.3706153145158746
trdata_94T_dt200us_11.mat,phase,met_3,-1.3705900208545514
trdata_94T_dt200us_11.mat,phase,met_4,-1.370515113127828
trdata_94T_dt200us_11.mat,phase,met_5,-1.3703325437774316
trdata_94T_dt200us_11.mat,phase,met_6,-1.3703768770115392
trdata_94T_dt200us_11.mat,phase,met_7,-1.3705648838060005
trdata_94T_dt200us_11.mat,phase,met_8,-1.3708379220692077
trdata_94T_dt200us_11.mat,phase,met_9,-1.3705142808679642
trdata_94T_dt200us_11.mat,phase,met_10,-1.370491883210652
trdata_94T_dt200us_11.mat,freq_shift,met_1,0.030442662656289695
trdata_94T_dt200us_11.mat,freq_shift,met_2,-0.014710292013381532
trdata_94T_dt200us_11.mat,freq_shift,met_3,0.012840755848337491
trdata_94T_dt200us_11.mat,freq_shift,met_4,0.004941520092650665
trdata_94T_dt200us_11.mat,freq_shift,met_5,-0.01662425484503943
trdata_94T_dt200us_11.mat,freq_shift,met_6,-0.0012720855404926774
trdata_94T_dt200us_11.mat,freq_shift,met_7,-0.006058332125905407
trdata_94T_dt200us_11.mat,freq_shift,met_8,-0.04032180492683131
trdata_94T_dt200us_11.mat,freq_shift,met_9,-0.001610555630863009
trdata_94T_dt200us_11.mat,freq_shift,met_10,0.018306447706985845
trdata_94T_dt200us_11.mat,linewidth,met_1,3.5539893747686637
trdata_94T_dt200us_11.mat,linewidth,met_2,3.5539893747686637
trdata_94T_dt200us_11.mat,linewidth,met_3,3.5539893747686637
trdata_94T_dt200us_11.mat,linewidth,met_4,3.5539893747686637
trdata_94T_dt200us_11.mat,linewidth,met_5,3.5539893747686637
trdata_94T_dt200us_11.mat,linewidth,met_6,3.5539893747686637
trdata_94T_dt200us_11.mat,linewidth,met_7,3.5539893747686637
trdata_94T_dt200us_11.mat,linewidth,met_8,3.5539893747686637
trdata_94T_dt200us_11.mat,linewidth,met_9,3.5539893747686637
trdata_94T_dt200us_11.mat,linewidth,met_10,3.5539893747686637
trdata_94T_dt200us_12.mat,concentration,met_1,1.201988145321202
trdata_94T_dt200us_12.mat,concentration,met_2,7.9037720106719425
trdata_94T_dt200us_12.mat,concentration,met_3,2.008722402417567
trdata_94T_dt200us_12.mat,concentration,met_4,12.404880010844057
trdata_94T_dt200us_12.mat,concentration,met_5,3.831004150439827
trdata_94T_dt200us_12.mat,concentration,met_6,3.8199634739463595
trdata_94T_dt200us_12.mat,concentration,met_7,2.5156313769213887
trdata_94T_dt200us_12.mat,concentration,met_8,4.395224343778068
trdata_94T_dt200us_12.mat,concentration,met_9,8.195574107256894
trdata_94T_dt200us_12.mat,concentration,met_10,8.12970004724013
trdata_94T_dt200us_12.mat,T2,met_1,0.15998427921303202
trdata_94T_dt200us_12.mat,T2,met_2,0.1294015585179401
trdata_94T_dt200us_12.mat,T2,met_3,0.10170020255524084
trdata_94T_dt200us_12.mat,T2,met_4,0.08105306444520297
trdata_94T_dt200us_12.mat,T2,met_5,0.08665775261304706
trdata_94T_dt200us_12.mat,T2,met_6,0.08671106832081908
trdata_94T_dt200us_12.mat,T2,met_7,0.14867565524939627
trdata_94T_dt200us_12.mat,T2,met_8,0.14878610083855812
trdata_94T_dt200us_12.mat,T2,met_9,0.1999568959688507
trdata_94T_dt200us_12.mat,T2,met_10,0.09503233073369337
trdata_94T_dt200us_12.mat,T2p,met_1,0.03995520536688316
trdata_94T_dt200us_12.mat,T2p,met_2,0.03995520536688316
trdata_94T_dt200us_12.mat,T2p,met_3,0.03995520536688316
trdata_94T_dt200us_12.mat,T2p,met_4,0.03995520536688316
trdata_94T_dt200us_12.mat,T2p,met_5,0.03995520536688316
trdata_94T_dt200us_12.mat,T2p,met_6,0.03995520536688316
trdata_94T_dt200us_12.mat,T2p,met_7,0.03995520536688316
trdata_94T_dt200us_12.mat,T2p,met_8,0.03995520536688316
trdata_94T_dt200us_12.mat,T2p,met_9,0.03995520536688316
trdata_94T_dt200us_12.mat,T2p,met_10,0.03995520536688316
trdata_94T_dt200us_12.mat,phase,met_1,-1.3685475700436756
trdata_94T_dt200us_12.mat,phase,met_2,-1.3679176572747571
trdata_94T_dt200us_12.mat,phase,met_3,-1.368147829104744
trdata_94T_dt200us_12.mat,phase,met_4,-1.3675322121013127
trdata_94T_dt200us_12.mat,phase,met_5,-1.3680180346877113
trdata_94T_dt200us_12.mat,phase,met_6,-1.3681534624284284
trdata_94T_dt200us_12.mat,phase,met_7,-1.3676562679894233
trdata_94T_dt200us_12.mat,phase,met_8,-1.3678633894463157
trdata_94T_dt200us_12.mat,phase,met_9,-1.367660266947885
trdata_94T_dt200us_12.mat,phase,met_10,-1.3677577331870447
trdata_94T_dt200us_12.mat,freq_shift,met_1,-0.0023912625554037936
trdata_94T_dt200us_12.mat,freq_shift,met_2,-0.006357809074385661
trdata_94T_dt200us_12.mat,freq_shift,met_3,-0.004737940342631658
trdata_94T_dt200us_12.mat,freq_shift,met_4,0.011201286408676644
trdata_94T_dt200us_12.mat,freq_shift,met_5,0.024308150089001886
trdata_94T_dt200us_12.mat,freq_shift,met_6,-0.0008734276945759218
trdata_94T_dt200us_12.mat,freq_shift,met_7,0.005002762034046251
trdata_94T_dt200us_12.mat,freq_shift,met_8,-0.01652010739707761
trdata_94T_dt200us_12.mat,freq_shift,met_9,-0.008353614960640262
trdata_94T_dt200us_12.mat,freq_shift,met_10,0.011916051152225984
trdata_94T_dt200us_12.mat,linewidth,met_1,3.540008122761746
trdata_94T_dt200us_12.mat,linewidth,met_2,3.540008122761746
trdata_94T_dt200us_12.mat,linewidth,met_3,3.540008122761746
trdata_94T_dt200us_12.mat,linewidth,met_4,3.540008122761746
trdata_94T_dt200us_12.mat,linewidth,met_5,3.540008122761746
trdata_94T_dt200us_12.mat,linewidth,met_6,3.540008122761746
trdata_94T_dt200us_12.mat,linewidth,met_7,3.540008122761746
trdata_94T_dt200us_12.mat,linewidth,met_8,3.540008122761746
trdata_94T_dt200us_12.mat,linewidth,met_9,3.540008122761746
trdata_94T_dt200us_12.mat,linewidth,met_10,3.540008122761746
trdata_94T_dt200us_13.mat,concentration,met_1,1.201988145321202
trdata_94T_dt200us_13.mat,concentration,met_2,7.9037720106719425
trdata_94T_dt200us_13.mat,concentration,met_3,2.008722402417567
trdata_94T_dt200us_13.mat,concentration,met_4,12.404880010844057
trdata_94T_dt200us_13.mat,concentration,met_5,3.831004150439827
trdata_94T_dt200us_13.mat,concentration,met_6,3.8199634739463595
trdata_94T_dt200us_13.mat,concentration,met_7,2.5156313769213887
trdata_94T_dt200us_13.mat,concentration,met_8,4.395224343778068
trdata_94T_dt200us_13.mat,concentration,met_9,8.195574107256894
trdata_94T_dt200us_13.mat,concentration,met_10,8.12970004724013
trdata_94T_dt200us_13.mat,T2,met_1,0.15998427921303202
trdata_94T_dt200us_13.mat,T2,met_2,0.1294015585179401
trdata_94T_dt200us_13.mat,T2,met_3,0.10170020255524084
trdata_94T_dt200us_13.mat,T2,met_4,0.08105306444520297
trdata_94T_dt200us_13.mat,T2,met_5,0.08665775261304706
trdata_94T_dt200us_13.mat,T2,met_6,0.08671106832081908
trdata_94T_dt200us_13.mat,T2,met_7,0.14867565524939627
trdata_94T_dt200us_13.mat,T2,met_8,0.14878610083855812
trdata_94T_dt200us_13.mat,T2,met_9,0.1999568959688507
trdata_94T_dt200us_13.mat,T2,met_10,0.09503233073369337
trdata_94T_dt200us_13.mat,T2p,met_1,0.03995185890523347
trdata_94T_dt200us_13.mat,T2p,met_2,0.03995185890523347
trdata_94T_dt200us_13.mat,T2p,met_3,0.03995185890523347
trdata_94T_dt200us_13.mat,T2p,met_4,0.03995185890523347
trdata_94T_dt200us_13.mat,T2p,met_5,0.03995185890523347
trdata_94T_dt200us_13.mat,T2p,met_6,0.03995185890523347
trdata_94T_dt200us_13.mat,T2p,met_7,0.03995185890523347
trdata_94T_dt200us_13.mat,T2p,met_8,0.03995185890523347
trdata_94T_dt200us_13.mat,T2p,met_9,0.03995185890523347
trdata_94T_dt200us_13.mat,T2p,met_10,0.03995185890523347
trdata_94T_dt200us_13.mat,phase,met_1,-1.3693271065908088
trdata_94T_dt200us_13.mat,phase,met_2,-1.3694100465373722
trdata_94T_dt200us_13.mat,phase,met_3,-1.3693794187649853
trdata_94T_dt200us_13.mat,phase,met_4,-1.3692396709746129
trdata_94T_dt200us_13.mat,phase,met_5,-1.3689363371987713
trdata_94T_dt200us_13.mat,phase,met_6,-1.369453061308886
trdata_94T_dt200us_13.mat,phase,met_7,-1.36917119607773
trdata_94T_dt200us_13.mat,phase,met_8,-1.3695296172965568
trdata_94T_dt200us_13.mat,phase,met_9,-1.3693741377556612
trdata_94T_dt200us_13.mat,phase,met_10,-1.3689804323884263
trdata_94T_dt200us_13.mat,freq_shift,met_1,0.035107407220426955
trdata_94T_dt200us_13.mat,freq_shift,met_2,0.004165906697687492
trdata_94T_dt200us_13.mat,freq_shift,met_3,0.006974982179005702
trdata_94T_dt200us_13.mat,freq_shift,met_4,0.016129423491337492
trdata_94T_dt200us_13.mat,freq_shift,met_5,-0.011451900082052843
trdata_94T_dt200us_13.mat,freq_shift,met_6,0.01749091360284092
trdata_94T_dt200us_13.mat,freq_shift,met_7,0.011609782768032999
trdata_94T_dt200us_13.mat,freq_shift,met_8,0.006605642305462584
trdata_94T_dt200us_13.mat,freq_shift,met_9,-0.037066179056832245
trdata_94T_dt200us_13.mat,freq_shift,met_10,0.0022270344886073635
trdata_94T_dt200us_13.mat,linewidth,met_1,3.588608772371848
trdata_94T_dt200us_13.mat,linewidth,met_2,3.588608772371848
trdata_94T_dt200us_13.mat,linewidth,met_3,3.588608772371848
trdata_94T_dt200us_13.mat,linewidth,met_4,3.588608772371848
trdata_94T_dt200us_13.mat,linewidth,met_5,3.588608772371848
trdata_94T_dt200us_13.mat,linewidth,met_6,3.588608772371848
trdata_94T_dt200us_13.mat,linewidth,met_7,3.588608772371848
trdata_94T_dt200us_13.mat,linewidth,met_8,3.588608772371848
trdata_94T_dt200us_13.mat,linewidth,met_9,3.588608772371848
trdata_94T_dt200us_13.mat,linewidth,met_10,3.588608772371848
trdata_94T_dt200us_14.mat,concentration,met_1,1.201988145321202
trdata_94T_dt200us_14.mat,concentration,met_2,7.9037720106719425
trdata_94T_dt200us_14.mat,concentration,met_3,2.008722402417567
trdata_94T_dt200us_14.mat,concentration,met_4,12.404880010844057
trdata_94T_dt200us_14.mat,concentration,met_5,3.831004150439827
trdata_94T_dt200us_14.mat,concentration,met_6,3.8199634739463595
trdata_94T_dt200us_14.mat,concentration,met_7,2.5156313769213887
trdata_94T_dt200us_14.mat,concentration,met_8,4.395224343778068
trdata_94T_dt200us_14.mat,concentration,met_9,8.195574107256894
trdata_94T_dt200us_14.mat,concentration,met_10,8.12970004724013
trdata_94T_dt200us_14.mat,T2,met_1,0.15998427921303202
trdata_94T_dt200us_14.mat,T2,met_2,0.1294015585179401
trdata_94T_dt200us_14.mat,T2,met_3,0.10170020255524084
trdata_94T_dt200us_14.mat,T2,met_4,0.08105306444520297
trdata_94T_dt200us_14.mat,T2,met_5,0.08665775261304706
trdata_94T_dt200us_14.mat,T2,met_6,0.08671106832081908
trdata_94T_dt200us_14.mat,T2,met_7,0.14867565524939627
trdata_94T_dt200us_14.mat,T2,met_8,0.14878610083855812
trdata_94T_dt200us_14.mat,T2,met_9,0.1999568959688507
trdata_94T_dt200us_14.mat,T2,met_10,0.09503233073369337
trdata_94T_dt200us_14.mat,T2p,met_1,0.03995410868950267
trdata_94T_dt200us_14.mat,T2p,met_2,0.03995410868950267
trdata_94T_dt200us_14.mat,T2p,met_3,0.03995410868950267
trdata_94T_dt200us_14.mat,T2p,met_4,0.03995410868950267
trdata_94T_dt200us_14.mat,T2p,met_5,0.03995410868950267
trdata_94T_dt200us_14.mat,T2p,met_6,0.03995410868950267
trdata_94T_dt200us_14.mat,T2p,met_7,0.03995410868950267
trdata_94T_dt200us_14.mat,T2p,met_8,0.03995410868950267
trdata_94T_dt200us_14.mat,T2p,met_9,0.03995410868950267
trdata_94T_dt200us_14.mat,T2p,met_10,0.03995410868950267
trdata_94T_dt200us_14.mat,phase,met_1,-1.3685886702534094
trdata_94T_dt200us_14.mat,phase,met_2,-1.3685627922754353
trdata_94T_dt200us_14.mat,phase,met_3,-1.3683980333860946
trdata_94T_dt200us_14.mat,phase,met_4,-1.3688944510175338
trdata_94T_dt200us_14.mat,phase,met_5,-1.368715638425539
trdata_94T_dt200us_14.mat,phase,met_6,-1.3682186427352185
trdata_94T_dt200us_14.mat,phase,met_7,-1.3690637248604947
trdata_94T_dt200us_14.mat,phase,met_8,-1.3685293845980557
trdata_94T_dt200us_14.mat,phase,met_9,-1.3690790440525882
trdata_94T_dt200us_14.mat,phase,met_10,-1.3687165399985906
trdata_94T_dt200us_14.mat,freq_shift,met_1,-0.0011421997467980867
trdata_94T_dt200us_14.mat,freq_shift,met_2,0.004718293359392355
trdata_94T_dt200us_14.mat,freq_shift,met_3,0.0025663818930824864
trdata_94T_dt200us_14.mat,freq_shift,met_4,-0.0025418776564534408
trdata_94T_dt200us_14.mat,freq_shift,met_5,0.0005807292661607273
trdata_94T_dt200us_14.mat,freq_shift,met_6,-0.026617887638489046
trdata_94T_dt200us_14.mat,freq_shift,met_7,0.00475513639251616
trdata_94T_dt200us_14.mat,freq_shift,met_8,0.026054415265686654
trdata_94T_dt200us_14.mat,freq_shift,met_9,0.01762822564262443
trdata_94T_dt200us_14.mat,freq_shift,met_10,-0.010450943230813586
trdata_94T_dt200us_14.mat,linewidth,met_1,3.561249239402952
trdata_94T_dt200us_14.mat,linewidth,met_2,3.561249239402952
trdata_94T_dt200us_14.mat,linewidth,met_3,3.561249239402952
trdata_94T_dt200us_14.mat,linewidth,met_4,3.561249239402952
trdata_94T_dt200us_14.mat,linewidth,met_5,3.561249239402952
trdata_94T_dt200us_14.mat,linewidth,met_6,3.561249239402952
trdata_94T_dt200us_14.mat,linewidth,met_7,3.561249239402952
trdata_94T_dt200us_14.mat,linewidth,met_8,3.561249239402952
trdata_94T_dt200us_14.mat,linewidth,met_9,3.561249239402952
trdata_94T_dt200us_14.mat,linewidth,met_10,3.561249239402952
trdata_94T_dt200us_15.mat,concentration,met_1,1.201988145321202
trdata_94T_dt200us_15.mat,concentration,met_2,7.9037720106719425
trdata_94T_dt200us_15.mat,concentration,met_3,2.008722402417567
trdata_94T_dt200us_15.mat,concentration,met_4,12.404880010844057
trdata_94T_dt200us_15.mat,concentration,met_5,3.831004150439827
trdata_94T_dt200us_15.mat,concentration,met_6,3.8199634739463595
trdata_94T_dt200us_15.mat,concentration,met_7,2.5156313769213887
trdata_94T_dt200us_15.mat,concentration,met_8,4.395224343778068
trdata_94T_dt200us_15.mat,concentration,met_9,8.195574107256894
trdata_94T_dt200us_15.mat,concentration,met_10,8.12970004724013
trdata_94T_dt200us_15.mat,T2,met_1,0.15998427921303202
trdata_94T_dt200us_15.mat,T2,met_2,0.1294015585179401
trdata_94T_dt200us_15.mat,T2,met_3,0.10170020255524084
trdata_94T_dt200us_15.mat,T2,met_4,0.08105306444520297
trdata_94T_dt200us_15.mat,T2,met_5,0.08665775261304706
trdata_94T_dt200us_15.mat,T2,met_6,0.08671106832081908
trdata_94T_dt200us_15.mat,T2,met_7,0.14867565524939627
trdata_94T_dt200us_15.mat,T2,met_8,0.14878610083855812
trdata_94T_dt200us_15.mat,T2,met_9,0.1999568959688507
trdata_94T_dt200us_15.mat,T2,met_10,0.09503233073369337
trdata_94T_dt200us_15.mat,T2p,met_1,0.03999958087886842
trdata_94T_dt200us_15.mat,T2p,met_2,0.03999958087886842
trdata_94T_dt200us_15.mat,T2p,met_3,0.03999958087886842
trdata_94T_dt200us_15.mat,T2p,met_4,0.03999958087886842
trdata_94T_dt200us_15.mat,T2p,met_5,0.03999958087886842
trdata_94T_dt200us_15.mat,T2p,met_6,0.03999958087886842
trdata_94T_dt200us_15.mat,T2p,met_7,0.03999958087886842
trdata_94T_dt200us_15.mat,T2p,met_8,0.03999958087886842
trdata_94T_dt200us_15.mat,T2p,met_9,0.03999958087886842
trdata_94T_dt200us_15.mat,T2p,met_10,0.03999958087886842
trdata_94T_dt200us_15.mat,phase,met_1,-1.3687299750224151
trdata_94T_dt200us_15.mat,phase,met_2,-1.3687040112032827
trdata_94T_dt200us_15.mat,phase,met_3,-1.3686179403737426
trdata_94T_dt200us_15.mat,phase,met_4,-1.3685117473503907
trdata_94T_dt200us_15.mat,phase,met_5,-1.3683265524201036
trdata_94T_dt200us_15.mat,phase,met_6,-1.3683487913679637
trdata_94T_dt200us_15.mat,phase,met_7,-1.3688716933243972
trdata_94T_dt200us_15.mat,phase,met_8,-1.3685453214187788
trdata_94T_dt200us_15.mat,phase,met_9,-1.3686625217747657
trdata_94T_dt200us_15.mat,phase,met_10,-1.3685345977264325
trdata_94T_dt200us_15.mat,freq_shift,met_1,0.0019654326752948596
trdata_94T_dt200us_15.mat,freq_shift,met_2,-0.004193020284134068
trdata_94T_dt200us_15.mat,freq_shift,met_3,0.001209965190406928
trdata_94T_dt200us_15.mat,freq_shift,met_4,0.005214505874941784
trdata_94T_dt200us_15.mat,freq_shift,met_5,-0.02989309377809776
trdata_94T_dt200us_15.mat,freq_shift,met_6,-0.011924801960819922
trdata_94T_dt200us_15.mat,freq_shift,met_7,-0.022644994711818543
trdata_94T_dt200us_15.mat,freq_shift,met_8,-0.0060450631632505665
trdata_94T_dt200us_15.mat,freq_shift,met_9,0.004084629590869329
trdata_94T_dt200us_15.mat,freq_shift,met_10,-0.03421852521367664
trdata_94T_dt200us_15.mat,linewidth,met_1,3.583066771998476
trdata_94T_dt200us_15.mat,linewidth,met_2,3.583066771998476
trdata_94T_dt200us_15.mat,linewidth,met_3,3.583066771998476
trdata_94T_dt200us_15.mat,linewidth,met_4,3.583066771998476
trdata_94T_dt200us_15.mat,linewidth,met_5,3.583066771998476
trdata_94T_dt200us_15.mat,linewidth,met_6,3.583066771998476
trdata_94T_dt200us_15.mat,linewidth,met_7,3.583066771998476
trdata_94T_dt200us_15.mat,linewidth,met_8,3.583066771998476
trdata_94T_dt200us_15.mat,linewidth,met_9,3.583066771998476
trdata_94T_dt200us_15.mat,linewidth,met_10,3.583066771998476
trdata_94T_dt200us_16.mat,concentration,met_1,1.201988145321202
trdata_94T_dt200us_16.mat,concentration,met_2,7.9037720106719425
trdata_94T_dt200us_16.mat,concentration,met_3,2.008722402417567
trdata_94T_dt200us_16.mat,concentration,met_4,12.404880010844057
trdata_94T_dt200us_16.mat,concentration,met_5,3.831004150439827
trdata_94T_dt200us_16.mat,concentration,met_6,3.8199634739463595
trdata_94T_dt200us_16.mat,concentration,met_7,2.5156313769213887
trdata_94T_dt200us_16.mat,concentration,met_8,4.395224343778068
trdata_94T_dt200us_16.mat,concentration,met_9,8.195574107256894
trdata_94T_dt200us_16.mat,concentration,met_10,8.12970004724013
trdata_94T_dt200us_16.mat,T2,met_1,0.15998427921303202
trdata_94T_dt200us_16.mat,T2,met_2,0.1294015585179401
trdata_94T_dt200us_16.mat,T2,met_3,0.10170020255524084
trdata_94T_dt200us_16.mat,T2,met_4,0.08105306444520297
trdata_94T_dt200us_16.mat,T2,met_5,0.08665775261304706
trdata_94T_dt200us_16.mat,T2,met_6,0.08671106832081908
trdata_94T_dt200us_16.mat,T2,met_7,0.14867565524939627
trdata_94T_dt200us_16.mat,T2,met_8,0.14878610083855812
trdata_94T_dt200us_16.mat,T2,met_9,0.1999568959688507
trdata_94T_dt200us_16.mat,T2,met_10,0.09503233073369337
trdata_94T_dt200us_16.mat,T2p,met_1,0.03997286643331335
trdata_94T_dt200us_16.mat,T2p,met_2,0.03997286643331335
trdata_94T_dt200us_16.mat,T2p,met_3,0.03997286643331335
trdata_94T_dt200us_16.mat,T2p,met_4,0.03997286643331335
trdata_94T_dt200us_16.mat,T2p,met_5,0.03997286643331335
trdata_94T_dt200us_16.mat,T2p,met_6,0.03997286643331335
trdata_94T_dt200us_16.mat,T2p,met_7,0.03997286643331335
trdata_94T_dt200us_16.mat,T2p,met_8,0.03997286643331335
trdata_94T_dt200us_16.mat,T2p,met_9,0.03997286643331335
trdata_94T_dt200us_16.mat,T2p,met_10,0.03997286643331335
trdata_94T_dt200us_16.mat,phase,met_1,-1.3718656937373563
trdata_94T_dt200us_16.mat,phase,met_2,-1.370967987853354
trdata_94T_dt200us_16.mat,phase,met_3,-1.3711833963114595
trdata_94T_dt200us_16.mat,phase,met_4,-1.3713109224299709
trdata_94T_dt200us_16.mat,phase,met_5,-1.37142113075102
trdata_94T_dt200us_16.mat,phase,met_6,-1.3720171914636672
trdata_94T_dt200us_16.mat,phase,met_7,-1.3714138671337015
trdata_94T_dt200us_16.mat,phase,met_8,-1.3715019028742146
trdata_94T_dt200us_16.mat,phase,met_9,-1.371308808604834
trdata_94T_dt200us_16.mat,phase,met_10,-1.371868039361507
trdata_94T_dt200us_16.mat,freq_shift,met_1,-0.035251883244148956
trdata_94T_dt200us_16.mat,freq_shift,met_2,-0.01498429092083937
trdata_94T_dt200us_16.mat,freq_shift,met_3,-0.014070966865179512
trdata_94T_dt200us_16.mat,freq_shift,met_4,0.016979573449987153
trdata_94T_dt200us_16.mat,freq_shift,met_5,-0.019902842968735856
trdata_94T_dt200us_16.mat,freq_shift,met_6,0.007886203667476605
trdata_94T_dt200us_16.mat,freq_shift,met_7,0.030547510729684004
trdata_94T_dt200us_16.mat,freq_shift,met_8,0.018846190624658924
trdata_94T_dt200us_16.mat,freq_shift,met_9,-0.018426875749760617
trdata_94T_dt200us_16.mat,freq_shift,met_10,0.004340138045821686
trdata_94T_dt200us_16.mat,linewidth,met_1,3.548228132302791
trdata_94T_dt200us_16.mat,linewidth,met_2,3.548228132302791
trdata_94T_dt200us_16.mat,linewidth,met_3,3.548228132302791
trdata_94T_dt200us_16.mat,linewidth,met_4,3.548228132302791
trdata_94T_dt200us_16.mat,linewidth,met_5,3.548228132302791
trdata_94T_dt200us_16.mat,linewidth,met_6,3.548228132302791
trdata_94T_dt200us_16.mat,linewidth,met_7,3.548228132302791
trdata_94T_dt200us_16.mat,linewidth,met_8,3.548228132302791
trdata_94T_dt200us_16.mat,linewidth,met_9,3.548228132302791
trdata_94T_dt200us_16.mat,linewidth,met_10,3.548228132302791
trdata_94T_dt200us_17.mat,concentration,met_1,1.201988145321202
trdata_94T_dt200us_17.mat,concentration,met_2,7.9037720106719425
trdata_94T_dt200us_17.mat,concentration,met_3,2.008722402417567
trdata_94T_dt200us_17.mat,concentration,met_4,12.404880010844057
trdata_94T_dt200us_17.mat,concentration,met_5,3.831004150439827
trdata_94T_dt200us_17.mat,concentration,met_6,3.8199634739463595
trdata_94T_dt200us_17.mat,concentration,met_7,2.5156313769213887
trdata_94T_dt200us_17.mat,concentration,met_8,4.395224343778068
trdata_94T_dt200us_17.mat,concentration,met_9,8.195574107256894
trdata_94T_dt200us_17.mat,concentration,met_10,8.12970004724013
trdata_94T_dt200us_17.mat,T2,met_1,0.15998427921303202
trdata_94T_dt200us_17.mat,T2,met_2,0.1294015585179401
trdata_94T_dt200us_17.mat,T2,met_3,0.10170020255524084
trdata_94T_dt200us_17.mat,T2,met_4,0.08105306444520297
trdata_94T_dt200us_17.mat,T2,met_5,0.08665775261304706
trdata_94T_dt200us_17.mat,T2,met_6,0.08671106832081908
trdata_94T_dt200us_17.mat,T2,met_7,0.14867565524939627
trdata_94T_dt200us_17.mat,T2,met_8,0.14878610083855812
trdata_94T_dt200us_17.mat,T2,met_9,0.1999568959688507
trdata_94T_dt200us_17.mat,T2,met_10,0.09503233073369337
trdata_94T_dt200us_17.mat,T2p,met_1,0.04001004724772256
trdata_94T_dt200us_17.mat,T2p,met_2,0.04001004724772256
trdata_94T_dt200us_17.mat,T2p,met_3,0.04001004724772256
trdata_94T_dt200us_17.mat,T2p,met_4,0.04001004724772256
trdata_94T_dt200us_17.mat,T2p,met_5,0.04001004724772256
trdata_94T_dt200us_17.mat,T2p,met_6,0.04001004724772256
trdata_94T_dt200us_17.mat,T2p,met_7,0.04001004724772256
trdata_94T_dt200us_17.mat,T2p,met_8,0.04001004724772256
trdata_94T_dt200us_17.mat,T2p,met_9,0.04001004724772256
trdata_94T_dt200us_17.mat,T2p,met_10,0.04001004724772256
trdata_94T_dt200us_17.mat,phase,met_1,-1.3709288022824935
trdata_94T_dt200us_17.mat,phase,met_2,-1.3708625424939844
trdata_94T_dt200us_17.mat,phase,met_3,-1.37073545375866
trdata_94T_dt200us_17.mat,phase,met_4,-1.3707694354855249
trdata_94T_dt200us_17.mat,phase,met_5,-1.3704941230047758
trdata_94T_dt200us_17.mat,phase,met_6,-1.3707126228377988
trdata_94T_dt200us_17.mat,phase,met_7,-1.371181261955836
trdata_94T_dt200us_17.mat,phase,met_8,-1.3710166449994774
trdata_94T_dt200us_17.mat,phase,met_9,-1.370536782748973
trdata_94T_dt200us_17.mat,phase,met_10,-1.3708042052041318
trdata_94T_dt200us_17.mat,freq_shift,met_1,0.0018297242920622234
trdata_94T_dt200us_17.mat,freq_shift,met_2,-0.012698978794073256
trdata_94T_dt200us_17.mat,freq_shift,met_3,-0.01872652071155731
trdata_94T_dt200us_17.mat,freq_shift,met_4,-0.035494810405318725
trdata_94T_dt200us_17.mat,freq_shift,met_5,0.07511783480108218
trdata_94T_dt200us_17.mat,freq_shift,met_6,0.011885298425074678
trdata_94T_dt200us_17.mat,freq_shift,met_7,0.005989777047640436
trdata_94T_dt200us_17.mat,freq_shift,met_8,-0.01402032267958952
trdata_94T_dt200us_17.mat,freq_shift,met_9,-0.028489410898467536
trdata_94T_dt200us_17.mat,freq_shift,met_10,0.020596646586382286
trdata_94T_dt200us_17.mat,linewidth,met_1,3.551766417856972
trdata_94T_dt200us_17.mat,linewidth,met_2,3.551766417856972
trdata_94T_dt200us_17.mat,linewidth,met_3,3.551766417856972
trdata_94T_dt200us_17.mat,linewidth,met_4,3.551766417856972
trdata_94T_dt200us_17.mat,linewidth,met_5,3.551766417856972
trdata_94T_dt200us_17.mat,linewidth,met_6,3.551766417856972
trdata_94T_dt200us_17.mat,linewidth,met_7,3.551766417856972
trdata_94T_dt200us_17.mat,linewidth,met_8,3.551766417856972
trdata_94T_dt200us_17.mat,linewidth,met_9,3.551766417856972
trdata_94T_dt200us_17.mat,linewidth,met_10,3.551766417856972
trdata_94T_dt200us_18.mat,concentration,met_1,1.201988145321202
trdata_94T_dt200us_18.mat,concentration,met_2,7.9037720106719425
trdata_94T_dt200us_18.mat,concentration,met_3,2.008722402417567
trdata_94T_dt200us_18.mat,concentration,met_4,12.404880010844057
trdata_94T_dt200us_18.mat,concentration,met_5,3.831004150439827
trdata_94T_dt200us_18.mat,concentration,met_6,3.8199634739463595
trdata_94T_dt200us_18.mat,concentration,met_7,2.5156313769213887
trdata_94T_dt200us_18.mat,concentration,met_8,4.395224343778068
trdata_94T_dt200us_18.mat,concentration,met_9,8.195574107256894
trdata_94T_dt200us_18.mat,concentration,met_10,8.12970004724013
trdata_94T_dt200us_18.mat,T2,met_1,0.15998427921303202
trdata_94T_dt200us_18.mat,T2,met_2,0.1294015585179401
trdata_94T_dt200us_18.mat,T2,met_3,0.10170020255524084
trdata_94T_dt200us_18.mat,T2,met_4,0.08105306444520297
trdata_94T_dt200us_18.mat,T2,met_5,0.08665775261304706
trdata_94T_dt200us_18.mat,T2,met_6,0.08671106832081908
trdata_94T_dt200us_18.mat,T2,met_7,0.14867565524939627
trdata_94T_dt200us_18.mat,T2,met_8,0.14878610083855812
trdata_94T_dt200us_18.mat,T2,met_9,0.1999568959688507
trdata_94T_dt200us_18.mat,T2,met_10,0.09503233073369337
trdata_94T_dt200us_18.mat,T2p,met_1,0.04002078203782326
trdata_94T_dt200us_18.mat,T2p,met_2,0.04002078203782326
trdata_94T_dt200us_18.mat,T2p,met_3,0.04002078203782326
trdata_94T_dt200us_18.mat,T2p,met_4,0.04002078203782326
trdata_94T_dt200us_18.mat,T2p,met_5,0.04002078203782326
trdata_94T_dt200us_18.mat,T2p,met_6,0.04002078203782326
trdata_94T_dt200us_18.mat,T2p,met_7,0.04002078203782326
trdata_94T_dt200us_18.mat,T2p,met_8,0.04002078203782326
trdata_94T_dt200us_18.mat,T2p,met_9,0.04002078203782326
trdata_94T_dt200us_18.mat,T2p,met_10,0.04002078203782326
trdata_94T_dt200us_18.mat,phase,met_1,-1.368590692354235
trdata_94T_dt200us_18.mat,phase,met_2,-1.3688204081155124
trdata_94T_dt200us_18.mat,phase,met_3,-1.368320754897143
trdata_94T_dt200us_18.mat,phase,met_4,-1.368603708009789
trdata_94T_dt200us_18.mat,phase,met_5,-1.3686710343763233
trdata_94T_dt200us_18.mat,phase,met_6,-1.3681686634212118
trdata_94T_dt200us_18.mat,phase,met_7,-1.3684307664364812
trdata_94T_dt200us_18.mat,phase,met_8,-1.3682790471036026
trdata_94T_dt200us_18.mat,phase,met_9,-1.3686835240302657
trdata_94T_dt200us_18.mat,phase,met_10,-1.3683701430716793
trdata_94T_dt200us_18.mat,freq_shift,met_1,-0.02418874910286074
trdata_94T_dt200us_18.mat,freq_shift,met_2,-0.0366385832744954
trdata_94T_dt200us_18.mat,freq_shift,met_3,-0.006494886453853545
trdata_94T_dt200us_18.mat,freq_shift,met_4,-0.007869337201122867
trdata_94T_dt200us_18.mat,freq_shift,met_5,0.01201447012866623
trdata_94T_dt200us_18.mat,freq_shift,met_6,-0.005751549398545909
trdata_94T_dt200us_18.mat,freq_shift,met_7,-0.03175243177130584
trdata_94T_dt200us_18.mat,freq_shift,met_8,0.00671245776080856
trdata_94T_dt200us_18.mat,freq_shift,met_9,-0.026074935547349593
trdata_94T_dt200us_18.mat,freq_shift,met_10,0.00653536111120424
trdata_94T_dt200us_18.mat,linewidth,met_1,3.5758627234189726
trdata_94T_dt200us_18.mat,linewidth,met_2,3.5758627234189726
trdata_94T_dt200us_18.mat,linewidth,met_3,3.5758627234189726
trdata_94T_dt200us_18.mat,linewidth,met_4,3.5758627234189726
trdata_94T_dt200us_18.mat,linewidth,met_5,3.5758627234189726
trdata_94T_dt200us_18.mat,linewidth,met_6,3.5758627234189726
trdata_94T_dt200us_18.mat,linewidth,met_7,3.5758627234189726
trdata_94T_dt200us_18.mat,linewidth,met_8,3.5758627234189726
trdata_94T_dt200us_18.mat,linewidth,met_9,3.5758627234189726
trdata_94T_dt200us_18.mat,linewidth,met_10,3.5758627234189726
trdata_94T_dt200us_19.mat,concentration,met_1,1.201988145321202
trdata_94T_dt200us_19.mat,concentration,met_2,7.9037720106719425
trdata_94T_dt200us_19.mat,concentration,met_3,2.008722402417567
trdata_94T_dt200us_19.mat,concentration,met_4,12.404880010844057
trdata_94T_dt200us_19.mat,concentration,met_5,3.831004150439827
trdata_94T_dt200us_19.mat,concentration,met_6,3.8199634739463595
trdata_94T_dt200us_19.mat,concentration,met_7,2.5156313769213887
trdata_94T_dt200us_19.mat,concentration,met_8,4.395224343778068
trdata_94T_dt200us_19.mat,concentration,met_9,8.195574107256894
trdata_94T_dt200us_19.mat,concentration,met_10,8.12970004724013
trdata_94T_dt200us_19.mat,T2,met_1,0.15998427921303202
trdata_94T_dt200us_19.mat,T2,met_2,0.1294015585179401
trdata_94T_dt200us_19.mat,T2,met_3,0.10170020255524084
trdata_94T_dt200us_19.mat,T2,met_4,0.08105306444520297
trdata_94T_dt200us_19.mat,T2,met_5,0.08665775261304706
trdata_94T_dt200us_19.mat,T2,met_6,0.08671106832081908
trdata_94T_dt200us_19.mat,T2,met_7,0.14867565524939627
trdata_94T_dt200us_19.mat,T2,met_8,0.14878610083855812
trdata_94T_dt200us_19.mat,T2,met_9,0.1999568959688507
trdata_94T_dt200us_19.mat,T2,met_10,0.09503233073369337
trdata_94T_dt200us_19.mat,T2p,met_1,0.040000717551755875
trdata_94T_dt200us_19.mat,T2p,met_2,0.040000717551755875
trdata_94T_dt200us_19.mat,T2p,met_3,0.040000717551755875
trdata_94T_dt200us_19.mat,T2p,met_4,0.040000717551755875
trdata_94T_dt200us_19.mat,T2p,met_5,0.040000717551755875
trdata_94T_dt200us_19.mat,T2p,met_6,0.040000717551755875
trdata_94T_dt200us_19.mat,T2p,met_7,0.040000717551755875
trdata_94T_dt200us_19.mat,T2p,met_8,0.040000717551755875
trdata_94T_dt200us_19.mat,T2p,met_9,0.040000717551755875
trdata_94T_dt200us_19.mat,T2p,met_10,0.040000717551755875
trdata_94T_dt200us_19.mat,phase,met_1,-1.36969144474915
trdata_94T_dt200us_19.mat,phase,met_2,-1.3698601541766835
trdata_94T_dt200us_19.mat,phase,met_3,-1.3698964636041582
trdata_94T_dt200us_19.mat,phase,met_4,-1.3702613535558918
trdata_94T_dt200us_19.mat,phase,met_5,-1.3699241609297157
trdata_94T_dt200us_19.mat,phase,met_6,-1.3699782212016185
trdata_94T_dt200us_19.mat,phase,met_7,-1.370175391410676
trdata_94T_dt200us_19.mat,phase,met_8,-1.3698834563270803
trdata_94T_dt200us_19.mat,phase,met_9,-1.3700610060253178
trdata_94T_dt200us_19.mat,phase,met_10,-1.3703531174949233
trdata_94T_dt200us_19.mat,freq_shift,met_1,-0.026081672899192398
trdata_94T_dt200us_19.mat,freq_shift,met_2,-0.004945447584385527
trdata_94T_dt200us_19.mat,freq_shift,met_3,0.003411054489417362
trdata_94T_dt200us_19.mat,freq_shift,met_4,0.03984720506280671
trdata_94T_dt200us_19.mat,freq_shift,met_5,-0.0009126226719868272
trdata_94T_dt200us_19.mat,freq_shift,met_6,-0.0023076393664682006
trdata_94T_dt200us_19.mat,freq_shift,met_7,0.0031533106859842667
trdata_94T_dt200us_19.mat,freq_shift,met_8,0.001919815382865794
trdata_94T_dt200us_19.mat,freq_shift,met_9,0.022557933933791238
trdata_94T_dt200us_19.mat,freq_shift,met_10,-0.005925881976126734
trdata_94T_dt200us_19.mat,linewidth,met_1,3.546774036494841
trdata_94T_dt200us_19.mat,linewidth,met_2,3.546774036494841
trdata_94T_dt200us_19.mat,linewidth,met_3,3.546774036494841
trdata_94T_dt200us_19.mat,linewidth,met_4,3.546774036494841
trdata_94T_dt200us_19.mat,linewidth,met_5,3.546774036494841
trdata_94T_dt200us_19.mat,linewidth,met_6,3.546774036494841
trdata_94T_dt200us_19.mat,linewidth,met_7,3.546774036494841
trdata_94T_dt200us_19.mat,linewidth,met_8,3.546774036494841
trdata_94T_dt200us_19.mat,linewidth,met_9,3.546774036494841
trdata_94T_dt200us_19.mat,linewidth,met_10,3.546774036494841
